{"cameraMode":{"drawMode":0,"name":"Shaded","section":"Shading Mode"},"sceneLighting":true,"audioPlay":false,"sceneViewState":{"showFog":true,"showMaterialUpdate":false,"showSkybox":true,"showFlares":true,"showImageEffects":true,"showParticleSystems":true},"in2DMode":false,"pivot":{"x":-0.6691135764122009,"y":0.44295334815979006,"z":0.06598043441772461},"rotation":{"x":0.16425231099128724,"y":-0.001479628379456699,"z":0.000246382289333269,"w":0.9864178895950317},"size":3.367967367172241,"orthographic":false}